{"acc_center_single": 0.1445, "acc": 0.1445000022649765, "entropy": 0.09307221323251724, "mi": 0.35383686423301697, "loss": 2.0505800247192383, "lr": 0.004999999999999923, "v2s_lr": 0.004999999999999923, "mode": "train", "epoch": 1}
{"acc": 0.1335, "entropy": 0.002282749542351542, "mi": 0.21187695459080672, "loss": 2.047224513053894, "acc_center_single": 0.1335, "mode": "val", "epoch": 1}
